Number,Symbol
1,DBTX
2,IVCP
3,BHSE
4,NAII
5,GNACU
6,HRMY
7,ACAH
8,STTK
9,FHLT
10,SURG
11,HAPP
12,RPHM
13,KERN
14,INDT
15,BKSC
16,ENG
17,REG
18,GRNA
19,RAPT
20,PWFL
21,IMAB
22,IMRA
23,RBKB
24,BPYPO
25,UAL
26,DSKE
27,BANX
28,MNDO
29,PVBC
30,LCUT
31,CPRT
32,ANZU
33,MGPI
34,APACU
35,AMTI
36,AOUT
37,ABCM
38,HUIZ
39,FFWM
40,AMED
41,CSTL
42,ATRC
43,PWUPU
44,CDRO
45,NXGN
46,REVEU
47,QQQX
48,HFBL
49,VITL
50,BNRG
51,TSAT
52,NKTX
53,SDC
54,FMBH
55,LUMO
56,ASCBU
57,KXIN
58,TCDA
59,PSAGU
60,VRRM
61,SECO
62,GDRX
63,HSON
64,DKDCA
65,VRTS
66,APPH
67,VRA
68,DECA
69,GAIN
70,RILYG
71,PLSE
72,PONOU
73,MNPR
74,CENTA
75,CBFV
76,KRTX
77,ALNY
78,CHEA
79,DHCNI
80,FIVR
81,ENLV
82,NYMTN
83,PXS
84,PAHC
85,UNCY
86,LFUS
87,MTTR
88,PSEC
89,LGTOU
90,SMLR
91,GWRS
92,IESC
93,FUND
94,ASCB
95,VLNS
96,VRNS
97,NTRA
98,EGAN
99,NTAP
100,RXT
101,CMRX
102,RVLP
103,ZWRK
104,WAVS
105,IRDM
106,NMIH
107,BIOL
108,HMST
109,PGRW
110,IMUX
111,FANH
112,FLGT
113,PPHPU
114,TWIN
115,NZRO
116,CSSE
117,LTCH
118,GT
119,VABK
120,PHUN
121,SVFD
122,EXTR
123,MXL
124,VERA
125,EPZM
126,CPSI
127,INTG
128,MLAI
129,ANDE
130,GSBC
131,NATI
132,INMD
133,TMDX
134,LYL
135,PWOD
136,GSAQU
137,TRUP
138,MLAC
139,ORIC
140,IOAC
141,OGI
142,GOOD
143,FSEA
144,GBIO
145,HOLI
146,GBS
147,AEYE
148,ISRG
149,PBAXU
150,SSYS
151,XGN
152,FTAI
153,POW
154,CCOI
155,PACX
156,EOSE
157,CHW
158,SOPA
159,ESSC
160,CFFEU
161,FLYW
162,PDFS
163,SPKB
164,FLIC
165,ROOT
166,TIRX
167,NCMI
168,OLPX
169,HWC
170,PEP
171,BENEU
172,MARA
173,BPMC
174,OLK
175,IVEG
176,PRSRU
177,MRKR
178,MCAAU
179,MGRC
180,STLD
181,AZTA
182,BCPC
183,COVAU
184,KOSS
185,RUSHA
186,QUBT
187,JCIC
188,IIVI
189,BTB
190,SMTI
191,TNYA
192,KALU
193,ICCC
194,GMBL
195,SLM
196,RAM
197,ROCGU
198,SRZN
199,RDNT
200,PLAY
201,CLAYU
202,FWRG
203,PTLO
204,PFXNL
205,ESSA
206,RUBY
207,ARQQ
208,BITF
209,DNLI
210,SEIC
211,GSEV
212,BCOR
213,ROC
214,GOOG
215,LMST
216,BYND
217,GFGDU
218,DPCSU
219,JAKK
220,AERI
221,CELZ
222,WAVSU
223,DHBCU
224,GLBLU
225,SSNC
226,CULL
227,MANH
228,CHUY
229,HAIN
230,CLNN
231,HBNC
232,ELTK
233,HHGC
234,MASI
235,AACI
236,ALHC
237,LJAQU
238,NEPT
239,CASH
240,INTR
241,NYMTZ
242,HCNEU
243,INKAU
244,DCBO
245,SUNW
246,AUBN
247,OTLY
248,HCM
249,USAU
250,KSPN
251,VISL
252,VMD
253,AVHIU
254,OFED
255,TLS
256,LEGH
257,SLNH
258,MODD
259,ZINGU
260,BHFAL
261,REFR
262,VRSN
263,VALN
264,VYGR
265,PTIC
266,TMPMU
267,JZXN
268,HONE
269,SOFI
270,EBAY
271,EMLDU
272,AMWD
273,UCBI
274,EXFY
275,BBGI
276,CARE
277,CIDM
278,DLTH
279,QIWI
280,ATAX
281,OBCI
282,AIHS
283,TETCU
284,TTNP
285,ACIW
286,FNLC
287,ATHX
288,FLGC
289,TTGT
290,PANL
291,FIZZ
292,DGNU
293,HNVR
294,SQFT
295,MBWM
296,PMCB
297,AAWW
298,AGNCN
299,PAA
300,ACT
301,AHPI
302,PTCT
303,SCOR
304,TGVCU
305,OZK
306,ABEO
307,HCWB
308,IDAI
309,CG
310,ELEV
311,PAFOU
312,ICCH
313,IDCC
314,SPRB
315,BZ
316,MSTR
317,HOFT
318,AXON
319,FNWB
320,CINF
321,LMB
322,WLFC
323,QLYS
324,BWAY
325,MSGM
326,DBVT
327,FDIG
328,FSRXU
329,OSTRU
330,WRAP
331,TSRI
332,GMFIU
333,EFOI
334,GMTX
335,DSWL
336,HALL
337,ARCB
338,FFIV
339,CIZN
340,CWST
341,FOXA
342,MEOH
343,IPVI
344,ADAP
345,PNBK
346,SMCI
347,REVE
348,VJET
349,ZEUS
350,BBBY
351,BPAC
352,XPAXU
353,MQ
354,UTRS
355,MBIO
356,GDYN
357,FCEL
358,AKIC
359,TIOA
360,CDMO
361,IMV
362,WKSP
363,WSBC
364,RNXT
365,EHTH
366,NTRSO
367,PCCT
368,BMRN
369,WHF
370,PAAS
371,TNDM
372,BKEP
373,MACK
374,ACNB
375,VLATU
376,UPST
377,RILYO
378,HURC
379,SBFM
380,RNA
381,SONO
382,PPYAU
383,HAS
384,AUGX
385,HERA
386,PGEN
387,EVAX
388,TRV
389,MLVF
390,CHSCM
391,GLBE
392,SY
393,RMCF
394,APYX
395,RBB
396,LSTR
397,NHICU
398,METCL
399,NDSN
400,KNTE
401,ZION
402,WSFS
403,VTAQU
404,DICE
405,SLAB
406,AIH
407,ESQ
408,GOBI
409,MIST
410,DILAU
411,AGYS
412,SSAA
413,FATE
414,NPCE
415,HCSG
416,CPSS
417,GHACU
418,CMRA
419,OCUL
420,ROCK
421,SBSI
422,CLBS
423,HOUR
424,FUNC
425,IRWD
426,TUGN
427,MRIN
428,CRZN
429,COGT
430,CDAQU
431,NOVV
432,CHWAU
433,DILA
434,JBLU
435,IMAC
436,QUIK
437,XXII
438,TBBK
439,RCM
440,VTRU
441,GTX
442,HWELU
443,NVNO
444,CHCO
445,ORGO
446,PAVMZ
447,MANT
448,SOHO
449,SGIIU
450,QMCO
451,CRDO
452,PCT
453,SENEB
454,SNRHU
455,SBTX
456,ADSK
457,REKR
458,AMAOU
459,MF
460,YQ
461,CHRS
462,SHUAU
463,VRM
464,LI
465,ARRWU
466,HCAR
467,CORZ
468,MBINN
469,OXLCL
470,IPWR
471,ZYNE
472,COCP
473,FTFT
474,UTSI
475,AZPN
476,PACB
477,ALPP
478,PGNY
479,ADN
480,SANM
481,SNSE
482,LANC
483,BLUE
484,AVAH
485,BOCNU
486,BSQR
487,EVCM
488,FREE
489,CPAAU
490,COOL
491,PRQR
492,CRUS
493,DYNT
494,SSBI
495,ZEAL
496,GSEVU
497,VTYX
498,WW
499,NVVE
500,CNGL
501,JGGCU
502,ALYA
503,SGMO
504,WPRT
505,ETAC
506,NOAC
507,SDIG
508,BSVN
509,PMGM
510,CVV
511,CVAC
512,FCNCO
513,QUMU
514,BLBX
515,AIKI
516,ARTNA
517,FTDR
518,PETZ
519,SAGE
520,BFRI
521,OXAC
522,CLBK
523,AVNW
524,RILYT
525,VFF
526,FENC
527,MCAGU
528,NWBI
529,NMTR
530,RILY
531,UCBIO
532,ALSAU
533,SPCB
534,PLMIU
535,KMDA
536,SABR
537,PFX
538,SMIH
539,SRTS
540,FCUV
541,TIL
542,IMCC
543,CHI
544,KURA
545,BLDE
546,OPI
547,AEY
548,SOPH
549,SQL
550,LIVBU
551,CDNS
552,KAVL
553,CBRG
554,GALT
555,SAMA
556,FFBC
557,ZBRA
558,GSM
559,AMD
560,VIA
561,RAMMU
562,HOPE
563,MESA
564,VINO
565,VTSI
566,IGIC
567,CMCAU
568,LMPX
569,EVK
570,COWNL
571,OTEC
572,LVRA
573,PLPC
574,SVNAU
575,ARKR
576,NAVI
577,CBAN
578,CCXI
579,KFFB
580,VCXA
581,PIII
582,SCPL
583,GREE
584,VCYT
585,CLVS
586,KRT
587,GATE
588,CAMP
589,EVO
590,FRLA
591,NXST
592,DRCT
593,OPK
594,FRW
595,HLMN
596,WBA
597,WABC
598,SOFO
599,AUID
600,TCBS
601,SLAMU
602,BCSA
603,LBTYA
604,EML
605,ADAG
606,HIVE
607,AGNCO
608,HCVI
609,BANF
610,ZAZZT
611,CCEP
612,BCLI
613,ORTX
614,TRUE
615,ATXI
616,GLG
617,ZY
618,FSBC
619,SVC
620,ALT
621,LITM
622,KOD
623,SSRM
624,BLEUU
625,BLNK
626,MDRR
627,HCCI
628,SLNG
629,CMCT
630,TBK
631,INPX
632,STKL
633,ASPAU
634,HLIT
635,CIIGU
636,IVCA
637,MEDS
638,PLMR
639,MCAA
640,VYNT
641,ONYX
642,ADI
643,OSIS
644,PXLW
645,VOR
646,NMRK
647,IOACU
648,MMAT
649,KROS
650,SYPR
651,NXTP
652,HD
653,NEXI
654,VTAQ
655,THRN
656,APLS
657,FORD
658,RMBS
659,CENQU
660,OPGN
661,LE
662,NLOK
663,NCSM
664,YVR
665,JG
666,EVMT
667,IVCBU
668,NCNO
669,LTRN
670,GOODO
671,DUETU
672,BWCAU
673,HSKA
674,FRG
675,FMAO
676,CHCI
677,ACB
678,TRVN
679,SIERU
680,NEXT
681,HUDI
682,CBTX
683,PCSB
684,ADV
685,HAAC
686,PTGX
687,TA
688,ITOS
689,PRLD
690,APPN
691,AMAO
692,EGRX
693,VSEC
694,CLRMU
695,CTAQ
696,GBRG
697,ESLT
698,NZUS
699,AEHAU
700,ROCAU
701,THTX
702,LIAN
703,SPSC
704,MSDA
705,OCCIO
706,AEPPZ
707,ATXS
708,CNTB
709,LGMK
710,HBANM
711,BYNO
712,RPRX
713,LAUR
714,EPHY
715,HCDIZ
716,NVSAU
717,AAPL
718,TFFP
719,FONR
720,GRCL
721,IVAC
722,IGTAU
723,YTRA
724,CRXT
725,MBII
726,TXRH
727,NRIX
728,ZENV
729,SPCM
730,SPTKU
731,PLYA
732,ATVI
733,INO
734,WTRH
735,ROCG
736,SBCF
737,CERT
738,EQIX
739,TOMZ
740,UPTDU
741,IDRA
742,ARQT
743,FLXS
744,AGNC
745,HIMX
746,BFST
747,ZG
748,FRPT
749,RXRA
750,TENX
751,OPCH
752,OLED
753,NBST
754,MLACU
755,GRTX
756,TTCF
757,CIVB
758,TITN
759,DAOO
760,GMGI
761,SPKBU
762,CYCN
763,BL
764,SYBX
765,PEGA
766,IPSC
767,HORIU
768,TETE
769,HOWL
770,LIVE
771,PLRX
772,CLOV
773,GEOS
774,JOFFU
775,MAAQ
776,MRNS
777,LGO
778,SCOAU
779,KPLT
780,OEPWU
781,SPWH
782,OKYO
783,LBPS
784,LIVB
785,PTIX
786,MRAM
787,TRHC
788,RDUS
789,GET
790,RSLS
791,RCMT
792,KLAQU
793,ARBGU
794,CHX
795,EAR
796,XBIT
797,VRAY
798,SKIN
799,OTTR
800,CEVA
801,CONN
802,LOCO
803,PME
804,MOBQ
805,STNE
806,INBKZ
807,SFST
808,ACMR
809,PCSA
810,INNV
811,CADL
812,POET
813,IIIV
814,PDSB
815,MAQC
816,ZIMV
817,SVVC
818,GLDD
819,DHAC
820,BLNGU
821,PFHD
822,BNFT
823,ACST
824,TRIN
825,NRACU
826,CDXS
827,CSII
828,LAAAU
829,VECO
830,OCCIN
831,AMCI
832,AFRI
833,MGNI
834,INTU
835,GVCI
836,LMAT
837,SNRH
838,CWBC
839,VECT
840,PDEX
841,SOUN
842,ISTR
843,DAM
844,FCFS
845,DTST
846,SHQAU
847,PBAX
848,OBNK
849,OPBK
850,MSEX
851,CLAR
852,EVGN
853,POSH
854,ALGT
855,BPACU
856,VBLT
857,IBM
858,JANX
859,UFCS
860,CWBR
861,PTC
862,FTAIO
863,IMRN
864,RARE
865,BIRD
866,ABVC
867,XPDB
868,ONCR
869,SYNA
870,CHKEL
871,BVS
872,CFFE
873,INTA
874,TMKRU
875,WVVI
876,WING
877,CCBG
878,FPAY
879,CRTX
880,UTHR
881,RILYM
882,NESR
883,WTBA
884,LVRAU
885,LAZR
886,SMMF
887,LEXX
888,NMMCU
889,MSBI
890,GLSPU
891,ARTW
892,PTRS
893,DCFC
894,FBNC
895,CVGW
896,PEGRU
897,IDXX
898,DTSS
899,LMAOU
900,BLFS
901,RELL
902,PDCO
903,STRM
904,AAOI
905,GTYH
906,CRGE
907,CLGN
908,INDB
909,VEEE
910,JBHT
911,CASS
912,IMBI
913,HRTX
914,SLGG
915,KRNY
916,FLUX
917,BXRX
918,MESO
919,CTRM
920,PONO
921,NRSN
922,IIII
923,VENAU
924,DHC
925,OPEN
926,URGN
927,PENN
928,AFRM
929,GIACU
930,AFBI
931,AFAQ
932,ANAB
933,NOACU
934,AKAM
935,MCAF
936,DNAD
937,PAYS
938,TER
939,ALOT
940,MAT
941,TXG
942,PLCE
943,LGIH
944,OTEX
945,REAL
946,PCH
947,VXRT
948,GENQ
949,RILYZ
950,ARRW
951,ALRM
952,THCPU
953,CCD
954,IAC
955,NVDA
956,IMMX
957,VAXX
958,SNES
959,FHB
960,OXLCZ
961,EMKR
962,TOACU
963,DRAYU
964,CYTK
965,BLTSU
966,LOVE
967,ABNB
968,UHAL
969,KZR
970,ARGUU
971,ALGS
972,SMBK
973,CZR
974,DECAU
975,TAIT
976,FSFG
977,CTHR
978,SNFCA
979,NERV
980,PRVB
981,CRDF
982,LINK
983,CREG
984,MHUA
985,LOOP
986,VLGEA
987,CPAQ
988,PCX
989,AACIU
990,IOVA
991,BROG
992,LUXAU
993,LGAC
994,XTLB
995,LVOX
996,XERS
997,NBTB
998,CPSH
999,GECCN
1000,CIGI
1001,MELI
1002,LHDX
1003,FKWL
1004,ROST
1005,ACBAU
1006,PEV
1007,BATRA
1008,TWLV
1009,VAQC
1010,ALKS
1011,MITO
1012,TROW
1013,SIER
1014,CGRN
1015,HITI
1016,AXNX
1017,FEAM
1018,FTCV
1019,LBTYB
1020,TWKS
1021,BPOPM
1022,CSIQ
1023,SHIP
1024,CNOB
1025,BWACU
1026,TTSH
1027,RIDE
1028,RELY
1029,COMS
1030,SIOX
1031,SNT
1032,OMIC
1033,HQI
1034,NPAB
1035,DHCNL
1036,DMAQ
1037,APMI
1038,BOCN
1039,QRTEB
1040,BSRR
1041,KEQU
1042,BWB
1043,ABMD
1044,AVCT
1045,SCHN
1046,PFDRU
1047,NARI
1048,ASPU
1049,AMCIU
1050,AOGO
1051,CTIB
1052,DARE
1053,WTMA
1054,ALRN
1055,COOLU
1056,MOR
1057,JNCE
1058,PETQ
1059,VLDR
1060,GNPX
1061,SFET
1062,ISAA
1063,BSY
1064,FDBC
1065,SHYF
1066,ONYXU
1067,LBBB
1068,CLNE
1069,RGTI
1070,CMPO
1071,ZBZZT
1072,NWFL
1073,NVEC
1074,COHU
1075,JBSS
1076,PSAG
1077,CYTH
1078,HHS
1079,AMRK
1080,NNOX
1081,XCUR
1082,CGABL
1083,LTRX
1084,OPRX
1085,DWAC
1086,MEDP
1087,MCD
1088,AMPH
1089,OCG
1090,TCRR
1091,NAOV
1092,METX
1093,GYRO
1094,TUEM
1095,DFFN
1096,IONR
1097,RACY
1098,CDLX
1099,ARDX
1100,MCAE
1101,EVGO
1102,LYRA
1103,DGLY
1104,AVACU
1105,QRHC
1106,FOX
1107,OZON
1108,VLYPO
1109,PAX
1110,PLAOU
1111,IZEA
1112,IMAQ
1113,LULU
1114,GTIM
1115,KIIIU
1116,SYBT
1117,TRDA
1118,ABOS
1119,GGAAU
1120,BHSEU
1121,RYTM
1122,CHWA
1123,CFSB
1124,BSGA
1125,MTLS
1126,LBBBU
1127,CTSH
1128,ADXN
1129,CLAY
1130,AVGR
1131,UBCP
1132,DERM
1133,SRSA
1134,DHCA
1135,LSPRU
1136,ATHA
1137,CFB
1138,NFBK
1139,ENPH
1140,SYRS
1141,BIGC
1142,MCBC
1143,CLSK
1144,MOGO
1145,VOD
1146,PTNR
1147,ASLE
1148,GLUE
1149,CNCE
1150,TBPH
1151,CCAP
1152,SALM
1153,IPAX
1154,DRRX
1155,ACHV
1156,RPTX
1157,WWAC
1158,CHEF
1159,JMAC
1160,GRCY
1161,REAX
1162,AACG
1163,PRCH
1164,KO
1165,VRME
1166,PINC
1167,RNLX
1168,DVAX
1169,ACHL
1170,CCEL
1171,LX
1172,RCII
1173,SCYX
1174,LVO
1175,FRBN
1176,EDNCU
1177,ADTH
1178,GRAB
1179,DOGZ
1180,SCOBU
1181,SSSSL
1182,LANDM
1183,ATNI
1184,AMAT
1185,BLMN
1186,ISEE
1187,KAIIU
1188,MSVB
1189,DAVE
1190,LASR
1191,ACGLO
1192,SILC
1193,ADIL
1194,RENT
1195,ONB
1196,MSPR
1197,CMPX
1198,GMDA
1199,VVOS
1200,PRTA
1201,FRBK
1202,LPRO
1203,OEPW
1204,BCAB
1205,LOGI
1206,NOVVU
1207,SUPN
1208,SHAC
1209,CHNR
1210,TOP
1211,GMVD
1212,ELOX
1213,FISI
1214,INMB
1215,GHAC
1216,BPRN
1217,PBLA
1218,ORMP
1219,FTAIN
1220,NSIT
1221,TNON
1222,RLMD
1223,SKYA
1224,JFU
1225,SLGN
1226,LMFA
1227,JWAC
1228,IONM
1229,PGC
1230,MHLD
1231,HYFM
1232,BSKY
1233,RGCO
1234,FMIV
1235,CRSR
1236,HA
1237,OCAXU
1238,IVA
1239,AKAN
1240,MLTX
1241,FELE
1242,EJH
1243,SSIC
1244,VCKAU
1245,SRPT
1246,MOTS
1247,NDLS
1248,RIBT
1249,LILM
1250,CSTR
1251,CAAS
1252,ISLE
1253,JMSB
1254,RGLD
1255,SDACU
1256,BRLIU
1257,GTEC
1258,ATOS
1259,JUPW
1260,KLAC
1261,HYMCL
1262,MOVE
1263,NGM
1264,MVBF
1265,MNSB
1266,FREQ
1267,SHACU
1268,MOFG
1269,MYFW
1270,TWLVU
1271,TAYD
1272,JVA
1273,TTMI
1274,IRTC
1275,ZUMZ
1276,TWST
1277,LVLU
1278,GBBK
1279,ALZN
1280,VREX
1281,APPF
1282,CEMI
1283,AGRX
1284,CTG
1285,PLUS
1286,ZKIN
1287,ICUI
1288,IFBD
1289,FOSL
1290,SHC
1291,STKS
1292,PUYI
1293,ENSG
1294,AXDX
1295,MCLD
1296,AVIR
1297,TGAAU
1298,FGMC
1299,PNT
1300,EPHYU
1301,VIVK
1302,PFG
1303,NEOG
1304,NVFY
1305,MATW
1306,BKCC
1307,AMTB
1308,ABCL
1309,CGO
1310,FFIC
1311,ALORU
1312,FLNT
1313,APMIU
1314,STRN
1315,UBOH
1316,ABUS
1317,BCTX
1318,SCKT
1319,FGBI
1320,ZNTL
1321,JYAC
1322,MGNX
1323,BELFA
1324,NEWT
1325,OXSQZ
1326,CSTE
1327,LGSTU
1328,INBK
1329,GSRMU
1330,FROG
1331,RCAC
1332,RDIB
1333,EZPW
1334,OSW
1335,CGEM
1336,ATHE
1337,TMDI
1338,BWFG
1339,TCMD
1340,SBAC
1341,TANNZ
1342,ACQRU
1343,TGTX
1344,OXSQG
1345,SRGA
1346,CRSP
1347,FCAP
1348,ITI
1349,BCACU
1350,INZY
1351,STOK
1352,RUN
1353,SEVN
1354,NBSTU
1355,PRPO
1356,FGEN
1357,ESSCU
1358,TCX
1359,LXEH
1360,TOUR
1361,AHPAU
1362,NECB
1363,CFFS
1364,CTMX
1365,ACXP
1366,RFAC
1367,NTES
1368,PRPL
1369,QURE
1370,CDAQ
1371,GCMG
1372,IKNA
1373,JPM
1374,MACAU
1375,GIAC
1376,ETNB
1377,HCMAU
1378,CSPI
1379,PTRA
1380,EDUC
1381,ISIG
1382,MCAFU
1383,ATEX
1384,MBINO
1385,PRTS
1386,SGH
1387,MGIC
1388,HARP
1389,AIMAU
1390,HIFS
1391,ADGI
1392,UPWK
1393,BECN
1394,OCCI
1395,CYAD
1396,BYRN
1397,PFBC
1398,ABIO
1399,NRIM
1400,ASO
1401,ESEA
1402,ZVZZC
1403,NCACU
1404,SMAPU
1405,TGAN
1406,SVFB
1407,SHOO
1408,ROCL
1409,TARS
1410,CPAA
1411,INVA
1412,AMRS
1413,NCNA
1414,NTUS
1415,CCNE
1416,DORM
1417,VC
1418,VIEW
1419,FUTU
1420,HHR
1421,CECE
1422,BTCS
1423,FOSLL
1424,GBT
1425,HBCP
1426,WDFC
1427,GHRS
1428,SANW
1429,GBRGU
1430,CRON
1431,RDCM
1432,MERC
1433,ONEW
1434,MACA
1435,LAXXU
1436,PGY
1437,FNCB
1438,GECCM
1439,LSBK
1440,IQMDU
1441,XRX
1442,WGMI
1443,BMAQU
1444,PROC
1445,FCBC
1446,AATC
1447,CAMT
1448,WILC
1449,RWOD
1450,MNST
1451,SIEN
1452,KDNY
1453,EYEN
1454,TCRT
1455,DOCU
1456,SNCE
1457,CRNC
1458,HLAHU
1459,IDYA
1460,THMO
1461,TGAA
1462,CBNK
1463,EUCRU
1464,TLIS
1465,AEMD
1466,GOGO
1467,CREC
1468,WVE
1469,GRNR
1470,AOGOU
1471,WISA
1472,ATLO
1473,CLPT
1474,YTEN
1475,NAAS
1476,FRONU
1477,DRTS
1478,AIMBU
1479,APDN
1480,OEG
1481,APM
1482,LMNL
1483,PDLB
1484,LIBY
1485,SRAX
1486,EKSO
1487,DUNEU
1488,RSVR
1489,NOVN
1490,AVAC
1491,IFRX
1492,UBSI
1493,POWRU
1494,SCPS
1495,JRSH
1496,TLRY
1497,POAI
1498,AUTL
1499,TENB
1500,FISV
1501,LAND
1502,BNOX
1503,GS
1504,SSNT
1505,XNCR
1506,TCOM
1507,AHRN
1508,CITE
1509,ECPG
1510,BEAM
1511,SCTL
1512,AHRNU
1513,GFAI
1514,OFIX
1515,OPINL
1516,VTVT
1517,EZFL
1518,FNCH
1519,FORM
1520,AMKR
1521,CMPS
1522,NDAQ
1523,ICVX
1524,RVSN
1525,FOXW
1526,GAINN
1527,TIOAU
1528,ETACU
1529,APEN
1530,NVCN
1531,YORW
1532,GRVI
1533,AROW
1534,MTACU
1535,CRMD
1536,VNET
1537,KYMR
1538,SPWR
1539,SMIT
1540,CYRX
1541,GTPA
1542,BHFAM
1543,PMTS
1544,LBAI
1545,LCAAU
1546,EFTR
1547,AHI
1548,SELF
1549,PRSO
1550,NRBO
1551,OXSQL
1552,CUE
1553,TSHA
1554,MBTC
1555,BLNG
1556,HCIC
1557,MPB
1558,HCDI
1559,RPD
1560,DLO
1561,AKRO
1562,TCRX
1563,BYTS
1564,CPTN
1565,SIEB
1566,IONS
1567,NLSP
1568,DLHC
1569,SLDP
1570,NATR
1571,TBSAU
1572,SCVL
1573,ACTDU
1574,FRSGU
1575,SND
1576,CPLP
1577,CLSD
1578,FULC
1579,IPW
1580,LGND
1581,STAF
1582,AVPT
1583,SLVRU
1584,MGI
1585,OCC
1586,FBMS
1587,BFC
1588,FULT
1589,PEBO
1590,FTVI
1591,FNVT
1592,PFIS
1593,QFIN
1594,CPRX
1595,PMD
1596,REPL
1597,PSTX
1598,RGLS
1599,NBSE
1600,AMZN
1601,ZD
1602,SANA
1603,AYRO
1604,GSIT
1605,VEON
1606,GNAC
1607,ZT
1608,GRIL
1609,SWIR
1610,FTQI
1611,CNGLU
1612,MBIN
1613,SMFL
1614,GREEL
1615,GMBLZ
1616,CDXC
1617,CVT
1618,DBGI
1619,DTRT
1620,FSTX
1621,IOBT
1622,TUG
1623,LITE
1624,LBC
1625,RIVN
1626,FAT
1627,MURFU
1628,BPTS
1629,SHEN
1630,FNGR
1631,DDOG
1632,SAIA
1633,XOMA
1634,MKTX
1635,PTVE
1636,HROW
1637,NMMC
1638,YY
1639,AMCX
1640,PCTI
1641,LYEL
1642,NAACU
1643,NTCT
1644,CSWC
1645,SUMO
1646,DIOD
1647,CHSCN
1648,BILI
1649,REFI
1650,CHRW
1651,ENDP
1652,PEBK
1653,HPK
1654,PALT
1655,JAQCU
1656,PLAB
1657,BRPMU
1658,MTSI
1659,BBIO
1660,DCGO
1661,SSBK
1662,FATPU
1663,ORLY
1664,CMMB
1665,ESTA
1666,KFRC
1667,CHK
1668,WTW
1669,FGF
1670,SATL
1671,ALLR
1672,IHRT
1673,NYXH
1674,EBAC
1675,LUNG
1676,PRGS
1677,SAL
1678,FEMA
1679,ESOA
1680,RVMD
1681,DADA
1682,HBT
1683,AOTG
1684,GHSI
1685,MEAC
1686,BCML
1687,VNDA
1688,AEACU
1689,CFLT
1690,GPCO
1691,WHLR
1692,CLIR
1693,GAMCU
1694,KNTK
1695,FOCS
1696,BRAG
1697,CFIVU
1698,NTRB
1699,LDHAU
1700,AEI
1701,CODX
1702,CURI
1703,PRLHU
1704,ERESU
1705,SMMT
1706,QTNT
1707,DOOO
1708,ONDS
1709,PODD
1710,YGMZ
1711,BGRY
1712,MLAB
1713,ATVCU
1714,WINA
1715,CARG
1716,GLEE
1717,ACIU
1718,SWKH
1719,DPRO
1720,DMAT
1721,GASS
1722,RCHG
1723,TPBAU
1724,PHIO
1725,AKTS
1726,XBIO
1727,TIGO
1728,PUCKU
1729,COCO
1730,BON
1731,HCP
1732,INSM
1733,MSSA
1734,PIK
1735,HWBK
1736,YMAB
1737,TTOO
1738,LATG
1739,STRO
1740,GBOX
1741,DUNE
1742,SDAC
1743,AGTC
1744,MNMD
1745,OBLG
1746,EDTX
1747,DTOC
1748,CVLG
1749,TCBC
1750,AGGR
1751,CHMG
1752,MRSN
1753,TYRA
1754,NVAC
1755,ANPC
1756,ROVR
1757,KBAL
1758,LILA
1759,GENQU
1760,BA
1761,SVRE
1762,ENERU
1763,BWV
1764,GIGM
1765,RCACU
1766,VEV
1767,NKTR
1768,FITB
1769,ACEVU
1770,ALVO
1771,GAMB
1772,PI
1773,ACER
1774,TCBP
1775,SFIX
1776,ASPS
1777,SWAG
1778,FRLN
1779,NTZG
1780,QIPT
1781,PABU
1782,ACLX
1783,NWSA
1784,SERA
1785,GIIXU
1786,UPTD
1787,WTER
1788,NTLA
1789,ACRS
1790,PCCTU
1791,PHAT
1792,IMMR
1793,TTEK
1794,SNEX
1795,JAGX
1796,AZYO
1797,SCRM
1798,SNTG
1799,CNTA
1800,ATY
1801,FWP
1802,APP
1803,TCBX
1804,VCXAU
1805,DOX
1806,STRS
1807,INSG
1808,TRVI
1809,BENE
1810,POWW
1811,PARAA
1812,NYMTM
1813,NIU
1814,XOMAO
1815,WERN
1816,TTEC
1817,VIRI
1818,MEOA
1819,HAIA
1820,EQ
1821,MRVI
1822,SGRY
1823,TTWO
1824,WNEB
1825,EGIO
1826,GLRE
1827,OFS
1828,MCAC
1829,AGMH
1830,ALGN
1831,URBN
1832,CRWS
1833,DYAI
1834,IQMD
1835,LYT
1836,MLKN
1837,HYMCZ
1838,BOXL
1839,GOSS
1840,MCHX
1841,AAME
1842,RVACU
1843,ANZUU
1844,SCMAU
1845,LFLY
1846,GTHX
1847,AREC
1848,BULD
1849,MTAC
1850,PLXP
1851,CCSI
1852,DRVN
1853,BBQ
1854,VACC
1855,SBUX
1856,TELA
1857,PFMT
1858,KVSC
1859,UCTT
1860,PCYO
1861,IPAR
1862,ARAV
1863,MONCU
1864,FMNB
1865,CENN
1866,PARA
1867,CYTO
1868,LANDO
1869,OPNT
1870,CING
1871,LOGC
1872,RYAAY
1873,PCXCU
1874,USCTU
1875,CFVI
1876,LSXMA
1877,RCAT
1878,CERS
1879,CME
1880,SEEL
1881,LGVCU
1882,GMAB
1883,LOPE
1884,CSWI
1885,DSGN
1886,NBRV
1887,BLIN
1888,TSBK
1889,PSNY
1890,NEO
1891,HON
1892,AVEO
1893,DAKT
1894,CLWT
1895,RAIN
1896,ZWZZT
1897,LNSR
1898,APA
1899,PLUG
1900,AIB
1901,FTRP
1902,QCOM
1903,BTMD
1904,UNIT
1905,KE
1906,MSPRZ
1907,SIVB
1908,GOGL
1909,ARYD
1910,FLACU
1911,ANGH
1912,IVCPU
1913,CLDX
1914,NGMS
1915,BLBD
1916,PANW
1917,ROIC
1918,PRPH
1919,BGNE
1920,ZTAQU
1921,MDNA
1922,FIXX
1923,ETTX
1924,HCIIU
1925,ZGEN
1926,HISF
1927,ACGL
1928,SAGAU
1929,AIRS
1930,AMGN
1931,APTMU
1932,FIVE
1933,NTNX
1934,ARBE
1935,OKTA
1936,FTNT
1937,NNDM
1938,QTRX
1939,PHAS
1940,SSTI
1941,HTBK
1942,AFAR
1943,GLBZ
1944,MLAIU
1945,TSCO
1946,ISO
1947,PCTY
1948,MMYT
1949,VSTM
1950,VHNAU
1951,GIPR
1952,IDN
1953,JNJ
1954,VCEL
1955,PSHG
1956,BNR
1957,VCNX
1958,ETSY
1959,FWONA
1960,IMGN
1961,GGGVU
1962,GATEU
1963,ATCOL
1964,SBT
1965,BYTSU
1966,MCAG
1967,GTPBU
1968,OLB
1969,STER
1970,GO
1971,AURCU
1972,CLRC
1973,ZING
1974,MYMD
1975,SBET
1976,MMSI
1977,AGEN
1978,VRNA
1979,ARTEU
1980,EDSA
1981,OLMA
1982,TKLF
1983,ZXZZT
1984,TACT
1985,GLSPT
1986,GCTK
1987,NATH
1988,BHAT
1989,PUBM
1990,VLY
1991,TARK
1992,LSCC
1993,TECH
1994,IINN
1995,AQST
1996,GLBS
1997,HTZ
1998,VRCA
1999,SGRP
2000,CLOEU
2001,REVHU
2002,NYMX
2003,SIMO
2004,ARGX
2005,ORRF
2006,VIRT
2007,MRCY
2008,STRC
2009,SPNE
2010,EMCF
2011,ASRT
2012,DMLP
2013,MTCH
2014,SRSAU
2015,INDP
2016,ALKT
2017,CYT
2018,MNDT
2019,DMRC
2020,GWII
2021,LVACU
2022,AMOT
2023,ALTO
2024,GPP
2025,ULTA
2026,GLHAU
2027,IGMS
2028,ISUN
2029,CSSEN
2030,LEDS
2031,DYN
2032,WASH
2033,OM
2034,GGE
2035,DIBS
2036,PESI
2037,LTRPB
2038,GGMCU
2039,CHEAU
2040,TDUP
2041,DXYN
2042,SEED
2043,AMRN
2044,PFIE
2045,SPRO
2046,OHPAU
2047,RNDB
2048,PBFS
2049,PSTV
2050,FRSH
2051,SJ
2052,TLGYU
2053,ILMN
2054,TMUS
2055,TCPC
2056,ADVM
2057,NVAX
2058,ITCI
2059,USCT
2060,OXUSU
2061,SZZLU
2062,TBSA
2063,TILE
2064,LINC
2065,HUMA
2066,THCA
2067,BRFH
2068,HELE
2069,FSTR
2070,WAFU
2071,RWODU
2072,SMIHU
2073,HIII
2074,BLFY
2075,HZNP
2076,DISAU
2077,FTPAU
2078,VIGL
2079,GDEV
2080,CLLS
2081,CFFSU
2082,FWONK
2083,GLMD
2084,NRXP
2085,RELI
2086,RNWK
2087,DSGR
2088,HCTI
2089,XEL
2090,ACAHU
2091,BNTX
2092,LFAC
2093,NOVT
2094,NTRS
2095,TBCPU
2096,AEAE
2097,GPCOU
2098,WKME
2099,OFSSH
2100,PATK
2101,SHQA
2102,PNFP
2103,ALLO
2104,RLAY
2105,SHCR
2106,SNPO
2107,REYN
2108,ONCS
2109,ALDX
2110,RVPH
2111,SYM
2112,PDCE
2113,WKHS
2114,SBRA
2115,NVOS
2116,CABA
2117,ARHS
2118,RLYB
2119,HNST
2120,KYCH
2121,ADMP
2122,RGC
2123,GTLB
2124,NFLX
2125,EVER
2126,TC
2127,CLST
2128,CCTSU
2129,IPDN
2130,ADPT
2131,KRUS
2132,EGBN
2133,MFIN
2134,AGBA
2135,PDD
2136,MGTA
2137,BGXX
2138,INM
2139,HAYN
2140,BWMN
2141,GTACU
2142,SONN
2143,PTOC
2144,LTRPA
2145,ESACU
2146,PALI
2147,AIRT
2148,SCMA
2149,GIIX
2150,JAN
2151,DLCA
2152,KELYA
2153,PFTAU
2154,CDNA
2155,SGA
2156,VELO
2157,BSBK
2158,WSC
2159,HOOD
2160,ERAS
2161,GEEX
2162,LESL
2163,FDUS
2164,GDSTU
2165,JOUT
2166,OSTR
2167,NVIV
2168,IMBIL
2169,NBN
2170,PFIN
2171,VGFC
2172,DHACU
2173,MDGL
2174,REVH
2175,STRR
2176,BHFAO
2177,QRTEA
2178,CGNT
2179,SRRK
2180,OXBR
2181,PRTG
2182,VBOCU
2183,GANX
2184,TOPS
2185,PAFO
2186,MNTS
2187,LCID
2188,INKT
2189,ZIVO
2190,FBRX
2191,CACC
2192,SLP
2193,ASTR
2194,PEGR
2195,TPBA
2196,SDGR
2197,DUO
2198,FTDS
2199,USIO
2200,WB
2201,PRCT
2202,BRIV
2203,DRIO
2204,GPRE
2205,HSAQ
2206,BRKR
2207,AURC
2208,CRNT
2209,GLTO
2210,PEGY
2211,ROKU
2212,DSEY
2213,SLN
2214,BZFD
2215,CRDL
2216,KDP
2217,RTLPO
2218,HLNE
2219,TROO
2220,GFGF
2221,FWAC
2222,PRSR
2223,XPON
2224,UNH
2225,SFBC
2226,BTCY
2227,JOFF
2228,STCN
2229,PUCK
2230,BTBD
2231,GAN
2232,NWLI
2233,PBBK
2234,SWVL
2235,FANG
2236,THAC
2237,INBX
2238,CERE
2239,RDHL
2240,TALK
2241,MVIS
2242,ZS
2243,STSS
2244,AFCG
2245,AVXL
2246,ACKIT
2247,ALBO
2248,FUV
2249,NXTC
2250,CBSH
2251,JFIN
2252,COLL
2253,MILE
2254,JGGC
2255,FTVIU
2256,ALLT
2257,MRVL
2258,ATLCL
2259,EPIX
2260,EQRX
2261,GRCYU
2262,KRMD
2263,COLIU
2264,OPT
2265,HYMC
2266,MNRO
2267,RGF
2268,DGHI
2269,FHTX
2270,MCAEU
2271,RCKT
2272,RVAC
2273,FCNCA
2274,OMAB
2275,RAIL
2276,BNNRU
2277,ITAQ
2278,INTE
2279,FTAA
2280,LFST
2281,IKT
2282,INFI
2283,MUDS
2284,RMR
2285,MRBK
2286,DHCAU
2287,PRTK
2288,CNXC
2289,ICFI
2290,SCSC
2291,ARRY
2292,IGACU
2293,CMBM
2294,RSSS
2295,GRPN
2296,CNET
2297,TXMD
2298,ODFL
2299,CSBR
2300,METC
2301,SMED
2302,SRCL
2303,CNNB
2304,RPID
2305,THRY
2306,NISN
2307,OMGA
2308,MEACU
2309,NBEV
2310,OMEG
2311,FORTY
2312,WMG
2313,ONTX
2314,HYZN
2315,TCBI
2316,ASND
2317,BIOSU
2318,CARV
2319,GGR
2320,AVDL
2321,MNTX
2322,UG
2323,SWET
2324,SNDL
2325,NMRD
2326,QLI
2327,ADTX
2328,LUCD
2329,RILYL
2330,ISPC
2331,LIZI
2332,WTMAU
2333,CNEY
2334,NSPR
2335,TW
2336,MOLN
2337,EVOJU
2338,BBLG
2339,CDTX
2340,CISO
2341,LCAHU
2342,KSICU
2343,FYBR
2344,FAST
2345,TSLA
2346,VINP
2347,MCACU
2348,SDH
2349,KALA
2350,EVOJ
2351,DSAC
2352,CBAT
2353,GOVX
2354,MGYR
2355,SXTC
2356,EBIX
2357,AIP
2358,RNAZ
2359,MNDY
2360,SBIG
2361,BIIB
2362,FWRD
2363,PRIM
2364,USAK
2365,LRFC
2366,SHLS
2367,UVSP
2368,LWAY
2369,WORX
2370,SRAD
2371,CVCY
2372,AMSF
2373,DALS
2374,CLOE
2375,CRMT
2376,GRTS
2377,GRIN
2378,BBSI
2379,GGGV
2380,LILAK
2381,ACABU
2382,CDAK
2383,PRE
2384,AEAC
2385,LVOXU
2386,AMYT
2387,LMNR
2388,LABP
2389,PATI
2390,GHIXU
2391,BPYPM
2392,HCKT
2393,HCII
2394,BREZ
2395,IBEX
2396,APCX
2397,CFFN
2398,FSRD
2399,SANBU
2400,JAZZ
2401,TOWN
2402,SIFY
2403,CDK
2404,QK
2405,AVCO
2406,NEPH
2407,WLDN
2408,OCGN
2409,DHHC
2410,ALXO
2411,LPCN
2412,ZTEK
2413,LFACU
2414,IMVT
2415,CHKP
2416,BMBL
2417,OIIM
2418,SIBN
2419,STX
2420,AGBAU
2421,GVP
2422,ZIONL
2423,BTAI
2424,TEKK
2425,XPDBU
2426,CPOP
2427,TRMD
2428,KVHI
2429,NICK
2430,WWACU
2431,GFS
2432,HHGCU
2433,HVBC
2434,ASPCU
2435,LUXA
2436,KPTI
2437,CSLM
2438,CTXS
2439,SWSSU
2440,MICS
2441,BKYI
2442,MDJH
2443,VRDN
2444,HALO
2445,III
2446,BEEM
2447,CRIS
2448,MDXG
2449,AXP
2450,SASR
2451,HUBG
2452,VBNK
2453,GSAQ
2454,ASML
2455,SKYAU
2456,HBAN
2457,BCEL
2458,ACTG
2459,THFF
2460,SGEN
2461,MTC
2462,CTKB
2463,FSSI
2464,WINV
2465,APLT
2466,VMCAU
2467,HCMA
2468,HWEL
2469,TSIBU
2470,ARBG
2471,WAVD
2472,GECCO
2473,AMSC
2474,MOHO
2475,VMCA
2476,AURA
2477,EZGO
2478,LITTU
2479,PSNL
2480,AGRI
2481,FARO
2482,BMEA
2483,TALS
2484,RDWR
2485,BSGM
2486,FRPH
2487,LNW
2488,BIOX
2489,SGC
2490,EAST
2491,SLVR
2492,INVE
2493,CALA
2494,NSTG
2495,VERB
2496,PLAO
2497,OSPN
2498,LIFE
2499,DXCM
2500,SIGI
2501,AMPG
2502,XFIN
2503,CAT
2504,NWS
2505,CGTX
2506,IXAQ
2507,KINS
2508,VTGN
2509,OXLCM
2510,VCKA
2511,NDRA
2512,LEGAU
2513,ENJY
2514,RENE
2515,EOLS
2516,PHCF
2517,IBTX
2518,ALTR
2519,MRAI
2520,FTCI
2521,AEIS
2522,CCRN
2523,CAPR
2524,LWLG
2525,MIDD
2526,OCSL
2527,LEGA
2528,YJ
2529,PTSI
2530,CYN
2531,GOEV
2532,BASE
2533,RDFN
2534,RILYN
2535,ALTUU
2536,XENE
2537,NCAC
2538,ANTE
2539,ARIZU
2540,MBCN
2541,HSII
2542,TETEU
2543,ROCLU
2544,CJJD
2545,FIVN
2546,MIND
2547,GLLIU
2548,LPTH
2549,RCLFU
2550,MTRX
2551,UTMD
2552,UBFO
2553,BTRS
2554,HUGE
2555,GRPH
2556,ACACU
2557,AVRO
2558,AAON
2559,BSFC
2560,MYPS
2561,NH
2562,EXAI
2563,EVFM
2564,EWBC
2565,TSEM
2566,CRBP
2567,VSAC
2568,AWRE
2569,CLMT
2570,RFIL
2571,SMFR
2572,MCHP
2573,TSP
2574,MARK
2575,SAFM
2576,CKPT
2577,KMPH
2578,CENQ
2579,MTP
2580,FSSIU
2581,ODP
2582,EVBG
2583,EGLE
2584,TVTX
2585,PRAX
2586,GACQ
2587,RADA
2588,VERY
2589,CAR
2590,YNDX
2591,ATAI
2592,ACLS
2593,AVDX
2594,ZCMD
2595,CFFI
2596,ZM
2597,VBTX
2598,ANTX
2599,PAYX
2600,DFH
2601,FRON
2602,NUWE
2603,ATLC
2604,HORI
2605,HURN
2606,NHTC
2607,JCICU
2608,BHF
2609,PAQC
2610,MYSZ
2611,COLI
2612,IRBT
2613,VMGA
2614,SCHL
2615,KIRK
2616,TAOP
2617,SANB
2618,ABSI
2619,THCP
2620,KTOS
2621,CLVR
2622,ARCE
2623,XFINU
2624,DSGX
2625,NLTX
2626,ASTE
2627,JCSE
2628,WHLRD
2629,PEPL
2630,BBI
2631,ANIP
2632,NXPL
2633,AVGO
2634,AXTI
2635,SNBR
2636,HTHT
2637,NDAC
2638,DWACU
2639,INDI
2640,KSCP
2641,SLRC
2642,FTEK
2643,SPPI
2644,OHPA
2645,ANIX
2646,XRAY
2647,ESCA
2648,VALU
2649,GDST
2650,JMACU
2651,FCCO
2652,AGNCM
2653,AKTX
2654,AVTX
2655,APOG
2656,SP
2657,OCAX
2658,CPAQU
2659,TCON
2660,SNAX
2661,BMRA
2662,SCOB
2663,IOSP
2664,LGST
2665,RXRX
2666,IPX
2667,EQOS
2668,HAIAU
2669,GRAY
2670,ACON
2671,ESPR
2672,MBTCU
2673,HCVIU
2674,IBOC
2675,IMGO
2676,NVEE
2677,FATP
2678,ADER
2679,GEEXU
2680,TETC
2681,GFGD
2682,EPSN
2683,ADES
2684,GVCIU
2685,CRVS
2686,VERU
2687,DNAC
2688,IGNY
2689,GLPI
2690,DCRDU
2691,XPER
2692,WHLRL
2693,APAC
2694,RMGC
2695,KVSA
2696,MTCR
2697,ALGM
2698,CIH
2699,MTEK
2700,LVAC
2701,ARGU
2702,WINT
2703,HIBB
2704,TZPS
2705,CTXR
2706,FFNW
2707,NVEI
2708,BTWN
2709,GILT
2710,IMRX
2711,PWUP
2712,RICK
2713,SLCRU
2714,MPACU
2715,GBNH
2716,AMBA
2717,COOP
2718,APPS
2719,PG
2720,IMTX
2721,GAIA
2722,NKSH
2723,NUBI
2724,RACYU
2725,ASTL
2726,FORR
2727,SAMAU
2728,ONCY
2729,SCAQU
2730,BCDA
2731,TGVC
2732,LIND
2733,AUB
2734,JKHY
2735,INTZ
2736,OXLCO
2737,EVLMC
2738,STBA
2739,HOTH
2740,FSRX
2741,EMBK
2742,NBTX
2743,MAYS
2744,ALPA
2745,APTM
2746,MSSAU
2747,PFHC
2748,VLON
2749,GLNG
2750,NEWTZ
2751,HDSN
2752,CLIN
2753,EIGR
2754,WMPN
2755,JOAN
2756,BPYPN
2757,COLM
2758,OTIC
2759,ANNX
2760,BNTC
2761,JUGGU
2762,ANY
2763,IAS
2764,FTII
2765,AGGRU
2766,TESS
2767,CHKEZ
2768,MIRM
2769,TCBK
2770,PETS
2771,PACXU
2772,SWSS
2773,COST
2774,EYE
2775,SLDB
2776,HGEN
2777,MAAQU
2778,PCAR
2779,MU
2780,OHAA
2781,LOV
2782,LTBR
2783,FRSX
2784,RGNX
2785,DIS
2786,CASY
2787,NCTY
2788,HSDT
2789,BOOM
2790,XM
2791,TEAM
2792,FLNC
2793,SEDG
2794,XPEL
2795,LQDT
2796,SEAT
2797,ACET
2798,BLDP
2799,VICR
2800,LNTH
2801,BWAQ
2802,HLAH
2803,HEXO
2804,REED
2805,CLPS
2806,BHAC
2807,FICVU
2808,DSP
2809,TMC
2810,NSYS
2811,AGIL
2812,PSMT
2813,FFHL
2814,ICLR
2815,NVSA
2816,IPA
2817,HOFV
2818,VSTA
2819,INAB
2820,ITRN
2821,NDACU
2822,PASG
2823,PLBY
2824,AMTX
2825,RBCN
2826,DENN
2827,AVAV
2828,FLWS
2829,FEIM
2830,AERC
2831,BTTX
2832,IPHA
2833,CYRN
2834,OMER
2835,COSM
2836,GGAL
2837,SWBI
2838,LHCG
2839,VIIAU
2840,DNUT
2841,GLHA
2842,PYCR
2843,KAL
2844,PZZA
2845,EVLV
2846,UNTY
2847,MITAU
2848,RGP
2849,GSRM
2850,KRNL
2851,BSET
2852,CCNC
2853,TUSK
2854,LNDC
2855,VCSA
2856,MGTX
2857,BLPH
2858,RPAY
2859,NUTX
2860,EDAP
2861,NYMTL
2862,CVET
2863,NAAC
2864,ASCAU
2865,BWAQU
2866,CHNG
2867,SNCRL
2868,RMTI
2869,ORIAU
2870,WYNN
2871,AXSM
2872,FSBW
2873,AKBA
2874,NN
2875,CRWD
2876,BANR
2877,HMPT
2878,APXIU
2879,ARTL
2880,IDBA
2881,EKG
2882,MMLP
2883,QSI
2884,FDMT
2885,TRON
2886,AMEH
2887,PPHP
2888,YMTX
2889,EAC
2890,ICLK
2891,RDI
2892,OPRT
2893,SKYT
2894,AXGN
2895,ATNX
2896,MYRG
2897,RRBI
2898,GP
2899,FITBO
2900,AYLA
2901,ELBM
2902,IIIIU
2903,FUSB
2904,CLSN
2905,SPKAU
2906,BRY
2907,ECOR
2908,OXLCN
2909,PNACU
2910,VRTX
2911,ACQR
2912,CCAI
2913,HNNAZ
2914,BRLT
2915,EDNC
2916,SWETU
2917,BEAT
2918,UGRO
2919,CZNC
2920,VKTX
2921,ALVR
2922,FFIE
2923,ORIA
2924,SRDX
2925,CNTQ
2926,ARBK
2927,NBIX
2928,DOMO
2929,LKFN
2930,OPOF
2931,GTAC
2932,UONE
2933,MEKA
2934,UONEK
2935,ATAKU
2936,PRVA
2937,NUVA
2938,APVO
2939,ANEB
2940,AVT
2941,CRAI
2942,ENCP
2943,OXUS
2944,LCFY
2945,LGVN
2946,GSMG
2947,WRLD
2948,MMMB
2949,BTWNU
2950,RNERU
2951,PCVX
2952,STSA
2953,REVBU
2954,AHCO
2955,REE
2956,HCNE
2957,WNW
2958,NUVL
2959,GEGGL
2960,LUNA
2961,DHBC
2962,AIMC
2963,SRCE
2964,ACTD
2965,HTLF
2966,FMET
2967,AGFS
2968,DATS
2969,PTPI
2970,BFIN
2971,BRZE
2972,TRMB
2973,VSAT
2974,KRYS
2975,OSS
2976,GECC
2977,HQY
2978,CVGI
2979,APTO
2980,AADI
2981,PAYO
2982,MICT
2983,UTAAU
2984,PRLH
2985,LMACA
2986,TIGR
2987,SOHOO
2988,IBKR
2989,ITRM
2990,ALRS
2991,IMKTA
2992,FEXD
2993,KLXE
2994,ARCC
2995,MTBCO
2996,MXCT
2997,CIIG
2998,PCTTU
2999,TMCI
3000,HTLD
3001,BPTH
3002,DCT
3003,YI
3004,YOTA
3005,SPLK
3006,ZVZZT
3007,KALV
3008,IBCP
3009,ADBE
3010,STAA
3011,DH
3012,DRUG
3013,VPCB
3014,ACAB
3015,PYR
3016,GMFI
3017,CCTS
3018,MSAC
3019,MNTV
3020,EXPE
3021,PRFT
3022,XELB
3023,DNAB
3024,CASI
3025,NAUT
3026,HBIO
3027,CNFR
3028,SMBC
3029,BCAC
3030,EDRY
3031,CTIC
3032,PAGP
3033,CHEKZ
3034,DISH
3035,INTC
3036,OLLI
3037,AQB
3038,GDNRU
3039,PWP
3040,GERN
3041,LCNB
3042,LAB
3043,PACW
3044,SLNO
3045,HPLT
3046,DBX
3047,CRVL
3048,DKNG
3049,BLSA
3050,SAVA
3051,BLTE
3052,BRQS
3053,FSLR
3054,UK
3055,ASPA
3056,VTNR
3057,NYMT
3058,CONX
3059,IMNM
3060,CLRCU
3061,LIDR
3062,MODV
3063,LSEA
3064,BCOW
3065,AIBBU
3066,BOTJ
3067,TLGY
3068,FMIVU
3069,IGNYU
3070,CNTY
3071,LMDX
3072,ARIZ
3073,FRBNU
3074,CELH
3075,BLRX
3076,BPOP
3077,KRNLU
3078,ON
3079,SMTC
3080,VBB
3081,GTPB
3082,PBYI
3083,IVDA
3084,SAI
3085,UMMA
3086,KIDS
3087,MRNA
3088,BRCN
3089,CHEK
3090,SPT
3091,CSLMU
3092,PERI
3093,LGHL
3094,DAWN
3095,HTBI
3096,FOXF
3097,PHAR
3098,SILK
3099,CCLP
3100,CBRL
3101,ATER
3102,SLCR
3103,XLO
3104,LTRY
3105,AAL
3106,ENVX
3107,BHFAN
3108,CLBT
3109,OYST
3110,AXLA
3111,SPTK
3112,ERII
3113,POWL
3114,IXAQU
3115,PAVM
3116,CARA
3117,LIXT
3118,LCA
3119,PKBK
3120,THCAU
3121,XP
3122,SBGI
3123,BAND
3124,NMTC
3125,VERO
3126,STEP
3127,AUDC
3128,TCBIO
3129,LOB
3130,PTE
3131,CUTR
3132,JSM
3133,THRM
3134,AFAQU
3135,FXNC
3136,CSCO
3137,TWCB
3138,IGAC
3139,PHICU
3140,PLMI
3141,CETX
3142,RETA
3143,BRP
3144,CCB
3145,ISPO
3146,DTRTU
3147,ITQRU
3148,EGLX
3149,CIFR
3150,PFXNZ
3151,MRUS
3152,CMCO
3153,LBPH
3154,ATSG
3155,ZXYZ.A
3156,ETON
3157,RMNI
3158,LXRX
3159,LJAQ
3160,RMBL
3161,SASI
3162,OMQS
3163,ASRV
3164,SSP
3165,PTICU
3166,EUCR
3167,CVBF
3168,STGW
3169,FRSG
3170,SMAP
3171,FXCO
3172,CEAD
3173,DMAC
3174,UXIN
3175,CLAQ
3176,QTT
3177,FVAM
3178,GLBL
3179,SBFG
3180,MITK
3181,SCPH
3182,FRAF
3183,RCEL
3184,GIWWU
3185,VII
3186,XMTR
3187,DLPN
3188,PTEN
3189,GRNQ
3190,TANNI
3191,SOTK
3192,BUSE
3193,MASS
3194,FTHM
3195,SGII
3196,CFMS
3197,TCFC
3198,ARAY
3199,TRMK
3200,GIFI
3201,SWIM
3202,XFOR
3203,NWE
3204,PPC
3205,PPBT
3206,WWD
3207,SFM
3208,DZSI
3209,MMM
3210,ELSE
3211,PRAA
3212,EMLD
3213,IXHL
3214,SSB
3215,SWEB
3216,VIAV
3217,MSDAU
3218,PYPL
3219,MORN
3220,LDHA
3221,RTLR
3222,CLINU
3223,OHAAU
3224,MDXH
3225,GRFS
3226,SANG
3227,IGTA
3228,CRTO
3229,CNDT
3230,CSGP
3231,RZLT
3232,MBRX
3233,AMST
3234,PAYA
3235,IREN
3236,LSAK
3237,DAOOU
3238,TBCP
3239,HEES
3240,CATY
3241,CPHC
3242,PTON
3243,SLGL
3244,TCHI
3245,FTPA
3246,EFSC
3247,VTRS
3248,DGICA
3249,SHCAU
3250,VLCN
3251,VEDU
3252,OESX
3253,TOI
3254,JAMF
3255,ARLP
3256,USLM
3257,GLAD
3258,EBTC
3259,AZN
3260,VIVO
3261,SSKN
3262,TXN
3263,ARYE
3264,RXST
3265,CXDO
3266,ABST
3267,CNSL
3268,NHIC
3269,BRKH
3270,IMOS
3271,ARCK
3272,AMLX
3273,BIOTU
3274,RNST
3275,BMRC
3276,LJPC
3277,FUSN
3278,ENTX
3279,EDTXU
3280,GOOGL
3281,LITT
3282,SGHLU
3283,TMPM
3284,HTIA
3285,SATS
3286,SWAGU
3287,CUBA
3288,UROY
3289,ICAD
3290,GDS
3291,HCAT
3292,CCMP
3293,ME
3294,CHDN
3295,FA
3296,CELC
3297,SPTN
3298,USCB
3299,ASUR
3300,SLS
3301,AINV
3302,BRLI
3303,JUGG
3304,BRACU
3305,FBIO
3306,ISSC
3307,CNTX
3308,BSGAU
3309,INTEU
3310,WIMI
3311,KC
3312,GPACU
3313,NKE
3314,AKICU
3315,ENSC
3316,VUZI
3317,ORGS
3318,WTFCM
3319,WAFD
3320,FICV
3321,KSI
3322,LGVC
3323,USEG
3324,SIRI
3325,ASTC
3326,OXACU
3327,TRIP
3328,CEG
3329,CDZI
3330,BCYC
3331,APEI
3332,SONM
3333,VR
3334,CNXN
3335,EBC
3336,VG
3337,AUR
3338,WISH
3339,DXPE
3340,MCFT
3341,SNDX
3342,SKGRU
3343,PCB
3344,ENTF
3345,PRDS
3346,PFSW
3347,ADUS
3348,ZCZZT
3349,MDLZ
3350,TIG
3351,DLTR
3352,MDGS
3353,SOLO
3354,MITC
3355,LCAA
3356,BATRK
3357,LBRDK
3358,Z
3359,LSXMK
3360,MBOT
3361,TERN
3362,LZ
3363,PBTS
3364,ONVO
3365,ATRA
3366,UPC
3367,DGII
3368,SGHT
3369,KAII
3370,NSTS
3371,AEHR
3372,BCRX
3373,LYTS
3374,INVZ
3375,PPTA
3376,HPLTU
3377,BZUN
3378,JSPR
3379,EVLO
3380,SOHU
3381,CBRGU
3382,LVTX
3383,TIVC
3384,DRTT
3385,VTIQ
3386,LAZY
3387,ERES
3388,OP
3389,AVHI
3390,VERV
3391,GPRO
3392,BGFV
3393,BTOG
3394,HWCPZ
3395,CAC
3396,SCLE
3397,IRIX
3398,AUUD
3399,RNER
3400,DJCO
3401,GTH
3402,EVOK
3403,GBNY
3404,HNNA
3405,FTIIU
3406,BFI
3407,DGICB
3408,NKLA
3409,CLFD
3410,ARWR
3411,BAFN
3412,RMGCU
3413,GRVY
3414,UPLD
3415,ALLK
3416,SITM
3417,SGLY
3418,POOL
3419,SVFA
3420,COUP
3421,QRVO
3422,NVCR
3423,CNTQU
3424,FWBI
3425,DTIL
3426,BAOS
3427,MRK
3428,UTAA
3429,CMLS
3430,GIW
3431,JCTCF
3432,LATGU
3433,FLFVU
3434,ELDN
3435,ACOR
3436,BDTX
3437,AHPA
3438,BKNG
3439,HGBL
3440,CAN
3441,ASPC
3442,ARDS
3443,HOOK
3444,RDVT
3445,PRFX
3446,VS
3447,INFN
3448,SGTX
3449,AHG
3450,FNVTU
3451,XELA
3452,ORGN
3453,AFARU
3454,FNHC
3455,MEIP
3456,GENC
3457,SPOK
3458,SEV
3459,MSFT
3460,RMBI
3461,SHBI
3462,PT
3463,DOYU
3464,MRTX
3465,NUBIU
3466,DMTK
3467,GH
3468,BLTS
3469,FRWAU
3470,ACHC
3471,ESGR
3472,KRBP
3473,PMGMU
3474,TRNS
3475,AFACU
3476,ERIE
3477,NVTS
3478,CRBU
3479,TZPSU
3480,TBLA
3481,DAIO
3482,CFVIU
3483,SOHON
3484,OMEX
3485,ENER
3486,RADI
3487,ESAC
3488,HSTM
3489,TBNK
3490,SHCA
3491,DSACU
3492,EXPI
3493,LBRDA
3494,MARPS
3495,PFTA
3496,ODDS
3497,HSCS
3498,CINC
3499,WAVE
3500,ASYS
3501,TRONU
3502,RAND
3503,MTRY
3504,TASK
3505,SGBX
3506,MCRI
3507,VLAT
3508,SAFT
3509,PECO
3510,GTBP
3511,GLLI
3512,LEGN
3513,HTOO
3514,TEDU
3515,PCRX
3516,SESN
3517,BIOS
3518,ALNA
3519,HTGM
3520,HEPA
3521,DUOL
3522,HMTV
3523,GNTA
3524,HYPR
3525,GROW
3526,LKQ
3527,ROAD
3528,VRPX
3529,MGEE
3530,EYPT
3531,APRE
3532,ZJZZT
3533,FORA
3534,HROWL
3535,IART
3536,WINVU
3537,AEAEU
3538,CTSO
3539,KNDI
3540,QDEL
3541,AWH
3542,AQMS
3543,HLBZ
3544,ULCC
3545,VRAR
3546,APXI
3547,PYXS
3548,WHLM
3549,HTCR
3550,JAQC
3551,RTL
3552,CMCSA
3553,MITA
3554,SIDU
3555,VRNT
3556,CFIV
3557,SCAQ
3558,NURO
3559,AOSL
3560,ARVR
3561,BNNR
3562,VSACU
3563,FNKO
3564,DTOCU
3565,EXLS
3566,CYBR
3567,SIGA
3568,DCPH
3569,FOLD
3570,NEWTL
3571,VOXX
3572,OSTK
3573,AGIO
3574,INOD
3575,ATAK
3576,CITEU
3577,COMM
3578,QLGN
3579,CYBE
3580,GLSI
3581,WMT
3582,ROLL
3583,UNB
3584,IVCAU
3585,FHLTU
3586,CGEN
3587,PNRG
3588,KBNT
3589,AUTO
3590,HOLX
3591,NUZE
3592,LARK
3593,TRVG
3594,KACLU
3595,ZLAB
3596,STRT
3597,BJDX
3598,TANH
3599,LYFT
3600,ALPN
3601,ASTS
3602,PMVP
3603,FMTX
3604,VBOC
3605,ONEM
3606,CFBK
3607,BLEU
3608,MDWD
3609,SYTA
3610,TURN
3611,RUTH
3612,MPWR
3613,YOTAU
3614,WULF
3615,CVRX
3616,CMCA
3617,LPSN
3618,PEAR
3619,KAIR
3620,PPSI
3621,BCBP
3622,UDMY
3623,VINC
3624,VIRC
3625,CTBI
3626,SCRMU
3627,DUOT
3628,FRGI
3629,HLTH
3630,CVLY
3631,MYGN
3632,BCOV
3633,OSUR
3634,QNST
3635,UIHC
3636,IPGP
3637,NLIT
3638,HRZN
3639,OPRA
3640,KLTR
3641,ADSE
3642,ZEST
3643,ARTE
3644,DOW
3645,BIDU
3646,RCKY
3647,ONBPO
3648,SPI
3649,VNOM
3650,MVST
3651,PULM
3652,AESE
3653,ICMB
3654,DRAY
3655,VIRX
3656,LPLA
3657,PIXY
3658,VZ
3659,ULBI
3660,ADAL
3661,ROIV
3662,WEN
3663,VENA
3664,PLBC
3665,ONCT
3666,ENVB
3667,NWL
3668,JJSF
3669,IROQ
3670,FAMI
3671,BDSX
3672,MOXC
3673,ATNF
3674,PRDO
3675,OXSQ
3676,PYPD
3677,JRVR
3678,ENOB
3679,DUET
3680,CBIO
3681,MPAA
3682,LBTYK
3683,GIII
3684,API
3685,KNBE
3686,EM
3687,ANIK
3688,RRGB
3689,COVA
3690,MCBS
3691,CYAN
3692,CASA
3693,AVID
3694,BRIVU
3695,AFMD
3696,GEG
3697,BWMX
3698,RACB
3699,SNCY
3700,RKDA
3701,SOBR
3702,FFBW
3703,SISI
3704,RVSB
3705,ITQ
3706,WETF
3707,HAFC
3708,GEVO
3709,CLRO
3710,IEA
3711,EBACU
3712,MRTN
3713,ASMB
3714,FCRD
3715,CCCC
3716,ABGI
3717,SABS
3718,LSXMB
3719,RRR
3720,BBIG
3721,NPABU
3722,RIOT
3723,FLEX
3724,PRTC
3725,BTX
3726,GNUS
3727,OPTN
3728,QCRH
3729,FGMCU
3730,BWAC
3731,TRST
3732,HCARU
3733,FRME
3734,APWC
3735,AEHL
3736,HERAU
3737,LAKE
3738,NRC
3739,V
3740,OVBC
3741,FEMY
3742,ASAX
3743,CD
3744,HCICU
3745,DHHCU
3746,LION
3747,OVLY
3748,VIR
3749,ACRX
3750,EXPD
3751,SURF
3752,NOTV
3753,PCYG
3754,OST
3755,CZWI
3756,RDBX
3757,GGAA
3758,GSHD
3759,RETO
3760,TSIB
3761,SKYX
3762,AGLE
3763,EH
3764,MDVL
3765,LEE
3766,STRA
3767,IMCR
3768,META
3769,SZZL
3770,BOKF
3771,SEAC
3772,CHRD
3773,RENEU
3774,GXIIU
3775,GRWG
3776,AVTE
3777,FIAC
3778,COFS
3779,OFLX
3780,MYNZ
3781,VMEO
3782,SAMG
3783,USAP
3784,LRCX
3785,OBT
3786,XRTX
3787,LPTX
3788,ICCM
3789,WDC
3790,LOTZ
3791,AIRG
3792,BLCT
3793,LHAA
3794,VERX
3795,TAST
3796,CENT
3797,KIII
3798,TBLD
3799,TANNL
3800,LFMD
3801,RCON
3802,SBNY
3803,APLD
3804,VELOU
3805,INKA
3806,CBAY
3807,PRTH
3808,EXAS
3809,ERYP
3810,SLGC
3811,TSVT
3812,HYW
3813,AEZS
3814,ALEC
3815,SGMA
3816,TREE
3817,PETV
3818,SWTX
3819,BLCM
3820,CSGS
3821,FFIN
3822,FLAC
3823,NEON
3824,LAAA
3825,RWAY
3826,PFDR
3827,NXGL
3828,GACQU
3829,LGTO
3830,MKSI
3831,BNSO
3832,GAME
3833,AUPH
3834,RKLB
3835,CUEN
3836,EBET
3837,PBHC
3838,CRNX
3839,WIRE
3840,CHTR
3841,MFH
3842,LRMR
3843,OCX
3844,SNCR
3845,SOND
3846,POLA
3847,TKNO
3848,BRTX
3849,CRCT
3850,FRLAU
3851,ROSE
3852,BIVI
3853,SBLK
3854,HUT
3855,PKOH
3856,SYNH
3857,MBUU
3858,RCRT
3859,CHY
3860,LECO
3861,BGCP
3862,WATT
3863,ESGRO
3864,KRKR
3865,EQBK
3866,RGEN
3867,SMSI
3868,PPIH
3869,RNW
3870,FIACU
3871,OLIT
3872,CYXT
3873,FGI
3874,COWN
3875,VBFC
3876,IDEX
3877,ITHX
3878,MYNA
3879,BSKYU
3880,SPRC
3881,PHVS
3882,XDNA
3883,KTTA
3884,AKUS
3885,RUSHB
3886,EXC
3887,MKTW
3888,ENTA
3889,WFCF
3890,VORB
3891,FRST
3892,ACCD
3893,SPFI
3894,ATIF
3895,SHUA
3896,BRPM
3897,OB
3898,EVGBC
3899,PLTK
3900,MUDSU
3901,DCTH
3902,CTAQU
3903,HMNF
3904,CVCO
3905,HIHO
3906,VVPR
3907,MNOV
3908,LIONU
3909,STRL
3910,BOLT
3911,GDNR
3912,PNTG
3913,VQS
3914,CWCO
3915,EVOP
3916,GPAC
3917,ALIM
3918,EWCZ
3919,HSTO
3920,XOS
3921,RXRAU
3922,MRCC
3923,FITBI
3924,LIQT
3925,CMTL
3926,OTLK
3927,INGN
3928,FARM
3929,IPAXU
3930,VWE
3931,KARO
3932,HAACU
3933,LGACU
3934,SELB
3935,INCR
3936,MON
3937,CROX
3938,ICHR
3939,PPYA
3940,OTMO
3941,SCLEU
3942,MAQCU
3943,GAINZ
3944,NTIC
3945,SNTI
3946,PLXS
3947,CTRN
3948,ANSS
3949,RANI
3950,SLRX
3951,SKYW
3952,MAR
3953,TNGX
3954,TNXP
3955,ULH
3956,PLL
3957,ARVN
3958,ABCB
3959,BYFC
3960,EDBL
3961,COKE
3962,ZI
3963,IMPP
3964,MORF
3965,RCHGU
3966,KELYB
3967,SLHG
3968,HEPS
3969,POWI
3970,APTX
3971,GNLN
3972,LFTRU
3973,ABTX
3974,FINW
3975,TPG
3976,HLVX
3977,ADMA
3978,ASAXU
3979,GLYC
3980,AFYA
3981,ALPAU
3982,CNTG
3983,BRID
3984,BRKHU
3985,WALD
3986,MCRB
3987,ARBKL
3988,RAVE
3989,GSUN
3990,EWTX
3991,CLRB
3992,GHIX
3993,CGBD
3994,BRAC
3995,BIOC
3996,ACAD
3997,CPAR
3998,BCAN
3999,KLIC
4000,EVGRU
4001,WBD
4002,MOMO
4003,BMAQ
4004,CDEV
4005,SNGX
4006,ADOC
4007,ZWRKU
4008,CRZNU
4009,SPNS
4010,GNSS
4011,CGC
4012,CELU
4013,CMPR
4014,TZOO
4015,AYTU
4016,GILD
4017,LFVN
4018,HIIIU
4019,CNXA
4020,KHC
4021,FTAAU
4022,MPRAU
4023,VPCBU
4024,EYES
4025,GBDC
4026,OCFC
4027,SGHL
4028,OPHC
4029,GCBC
4030,ARCT
4031,CONXU
4032,SVFAU
4033,ASCA
4034,TFSL
4035,LAX
4036,ARVL
4037,MPAC
4038,KINZ
4039,MDRX
4040,XNET
4041,LNT
4042,GLEEU
4043,IEP
4044,NTGR
4045,DISA
4046,RCLF
4047,NVCT
4048,OBSV
4049,AFIB
4050,HFFG
4051,SEER
4052,PPBI
4053,MDIA
4054,RXDX
4055,ALTU
4056,FVCB
4057,BLI
4058,AMNB
4059,ERIC
4060,WEJO
4061,NFE
4062,WALDU
4063,SVA
4064,EEFT
4065,GLPG
4066,KLAQ
4067,FINMU
4068,VCTR
4069,OCUP
4070,SINT
4071,SVNA
4072,OTRK
4073,TARA
4074,HMCO
4075,THRX
4076,ADERU
4077,AFAC
4078,CZFS
4079,SMID
4080,GDEN
4081,BWEN
4082,AUVI
4083,SOVO
4084,IMTE
4085,NVX
4086,HFWA
4087,ATRI
4088,JWEL
4089,COLB
4090,INVO
4091,PBPB
4092,KACL
4093,BIOT
4094,TLSA
4095,GOODN
4096,HWKN
4097,KTRA
4098,NTWK
4099,BYSI
4100,FOXWU
4101,PAQCU
4102,JACK
4103,PHIC
4104,VERI
4105,ANGI
4106,CPZ
4107,TIPT
4108,TRIB
4109,AKYA
4110,FRHC
4111,KPRX
4112,EDIT
4113,PEPLU
4114,IVCB
4115,ELYM
4116,KRNT
4117,BLZE
4118,EDTK
4119,FSV
4120,CGNX
4121,WKEY
4122,TATT
4123,BBCP
4124,MPRA
4125,MIRO
4126,CSQ
4127,EEIQ
4128,TBLT
4129,EVGR
4130,ROCC
4131,CVLT
4132,DPCS
4133,TPTX
4134,WEYS
4135,OSBC
4136,CLEU
4137,BHACU
4138,ELYS
4139,NEGG
4140,CSCW
4141,MURF
4142,AMSWA
4143,TEKKU
4144,FNWD
4145,LQDA
4146,NODK
4147,TYME
4148,HNRG
4149,MREO
4150,EACPU
4151,ZYXI
4152,RFACU
4153,SRNE
4154,VMAR
4155,COIN
4156,SGML
4157,TTD
4158,MTBC
4159,NSSC
4160,ACVA
4161,CHSCL
4162,IPVIU
4163,VMGAU
4164,ACAXU
4165,UMBF
4166,SVRA
4167,SAGA
4168,IMPL
4169,FOUN
4170,SSSS
4171,PTOCU
4172,SENEA
4173,TGA
4174,TCVA
4175,WOOF
4176,AZ
4177,DKDCU
4178,PROF
4179,VIVE
4180,BIOR
4181,GROM
4182,UFPI
4183,PTMN
4184,AKU
4185,BWC
4186,RWLK
4187,MAPS
4188,DNAA
4189,LLL
4190,TPST
4191,KNSA
4192,CPIX
4193,VIOT
4194,RIGL
4195,BYNOU
4196,TYDE
4197,NRDS
4198,TPIC
4199,JEPQ
4200,ATRO
4201,FLL
4202,ICPT
4203,MTRYU
4204,SLAM
4205,LMACU
4206,ALR
4207,LYLT
4208,FINM
4209,CTLP
4210,CCAIU
4211,CYCC
4212,KZIA
4213,OMCL
4214,STAB
4215,AY
4216,ALSA
4217,TOAC
4218,VTIQU
4219,SFT
4220,DHIL
4221,FIBK
4222,VYNE
4223,KINZU
4224,CLXT
4225,GAMC
4226,GURE
4227,NRAC
4228,KTCC
4229,LMAO
4230,ZIONO
4231,CSX
4232,CALB
4233,SCWO
4234,SWKS
4235,DTEA
4236,ENTG
4237,OVID
4238,AEP
4239,EA
4240,LIVN
4241,ACBA
4242,ACGLN
4243,IMAQU
4244,CVX
4245,ASNS
4246,CALM
4247,HLG
4248,XSPA
4249,CFRX
4250,ZVO
4251,EBMT
4252,CRKN
4253,NMFC
4254,LSPR
4255,RVNC
4256,EBON
4257,NICE
4258,UMPQ
4259,DWSN
4260,BLKB
4261,AREB
4262,ASLN
4263,PFC
4264,RBBN
4265,WFRD
4266,DRMA
4267,WIX
4268,FRBA
4269,OXLC
4270,HILS
4271,MAXN
4272,AVO
4273,FEXDU
4274,HSIC
4275,ANGN
4276,ATVC
4277,BRKL
4278,ATEC
4279,QNRX
4280,MTEX
4281,ACAX
4282,MDB
4283,TRMR
4284,NNBR
4285,CENX
4286,XPAX
4287,GNTY
4288,DCOM
4289,TWNK
4290,DDI
4291,BNGO
4292,CPARU
4293,MLCO
4294,PEPG
4295,BOSC
4296,ALJJ
4297,ILPT
4298,UCL
4299,FOUNU
4300,IMMP
4301,ACKIU
4302,VRSK
4303,ALCO
4304,SREV
4305,CORT
4306,ATCX
4307,CTAS
4308,SCWX
4309,ATOM
4310,CRTD
4311,ITAQU
4312,TWCBU
4313,TRKA
4314,UFPT
4315,INSE
4316,MRM
4317,SNPX
4318,CNFRL
4319,NWPX
4320,UEIC
4321,QTEK
4322,TH
4323,CRESY
4324,CAKE
4325,XAIR
4326,GNFT
4327,MNTK
4328,EXPO
4329,CATC
4330,DXLG
4331,TMKR
4332,BCSAU
4333,ADP
4334,OLITU
4335,UNAM
4336,DALN
4337,DCRD
4338,EMBC
4339,QH
4340,SNOA
4341,CRECU
4342,MIGI
4343,LKCO
4344,AMPL
4345,BLU
4346,MTEM
4347,CODA
4348,THACU
4349,WDAY
4350,ITIC
4351,SSAAU
4352,SOHOB
4353,YELL
4354,FBIZ
4355,ACEV
4356,PANA
4357,DNAY
4358,LIBYU
4359,MULN
4360,FRGT
4361,TRS
4362,ADTN
4363,IQ
4364,PGRWU
4365,ISHP
4366,CNSP
4367,RILYK
4368,KRON
4369,NVMI
4370,SWAV
4371,ANGO
4372,ENCPU
4373,LFTR
4374,LAMR
4375,MINM
4376,AMAL
4377,RBCAA
4378,LOAN
4379,SCOA
4380,CALT
4381,CREX
4382,AEHA
4383,SPK
4384,JD
4385,IRMD
4386,SNY
4387,USWS
4388,BTBT
4389,KAIRU
4390,IBRX
4391,BIMI
4392,MEOAU
4393,ALF
4394,MKD
4395,HST
4396,SPCMU
4397,SMPL
4398,WSBF
4399,ROSEU
4400,PIRS
4401,BJRI
4402,HMCOU
4403,GTPAU
4404,UBX
4405,BELFB
4406,ALOR
4407,ARKO
4408,STIM
4409,AGFY
4410,CDW
4411,VBIV
4412,CLRM
4413,ARCKU
4414,EXEL
4415,FTCVU
4416,FATBB
4417,TWOU
4418,PROV
4419,MDWT
4420,KYCHU
4421,DLCAU
4422,REGN
4423,CHSCO
4424,WTFC
4425,WSTG
4426,SYNL
4427,MNKD
4428,BVXV
4429,SNPS
4430,REVB
4431,GGMC
4432,PSTI
4433,ADALU
4434,UTME
4435,ENTFU
4436,SFNC
4437,CRM
4438,CLAQU
4439,BKR
4440,VHNA
4441,GNTX
4442,JYNT
4443,OTECU
4444,GABC
4445,IMXI
4446,BNIX
4447,ITHXU
4448,DXR
4449,GENE
4450,GOCO
4451,ITRI
4452,KOPN
4453,HEAR
4454,GXII
4455,HYRE
4456,NXPI
4457,INCY
4458,CMAX
4459,NLITU
